,City,Country,Lat,Lng,Max Temp,Humidity,Cloudiness,Wind Speed,Current Description
0,Jamestown,US,42.097,-79.2353,74.52,83,90,6.91,overcast clouds
1,Vaini,TO,-21.2,-175.2,78.96,89,75,5.75,broken clouds
2,Butaritari,KI,3.0707,172.7902,82.81,70,78,9.75,broken clouds
3,Vardo,NO,70.3705,31.1107,37.6,76,100,15.57,light rain
4,Emerald,AU,-23.5333,148.1667,74.98,15,0,6.91,clear sky
5,Ushuaia,AR,-54.8,-68.3,49.66,50,40,20.71,light rain
6,Biak,ID,-0.9131,122.8766,79.59,82,84,1.97,broken clouds
7,Dikson,RU,73.5069,80.5464,28.99,90,100,6.8,overcast clouds
8,Joshimath,IN,30.5667,79.5667,59.4,27,0,6.89,clear sky
9,Atuona,PF,-9.8,-139.0333,77.85,78,22,17.92,light rain
10,Mataura,NZ,-46.1927,168.8643,56.84,46,100,4.97,overcast clouds
11,Great Yarmouth,GB,52.6083,1.7305,45.01,57,14,1.61,few clouds
12,Hithadhoo,MV,-0.6,73.0833,82.87,76,96,25.26,light rain
13,Bluff,NZ,-46.6,168.3333,54.34,51,93,7.47,overcast clouds
14,Bengkulu,ID,-3.8004,102.2655,74.82,85,96,4.21,overcast clouds
15,Severo-Kurilsk,RU,50.6789,156.125,46.42,86,72,32.99,broken clouds
16,Kuruman,ZA,-27.4524,23.4325,61.0,15,98,10.76,overcast clouds
17,Cayenne,GF,4.9333,-52.3333,82.09,84,98,1.14,light rain
18,Henties Bay,NA,-22.116,14.2845,56.86,89,1,16.6,clear sky
19,Airai,TL,-8.9266,125.4092,68.5,65,32,1.28,scattered clouds
20,Lebu,CL,-37.6167,-73.65,50.43,73,10,13.98,clear sky
21,Tuktoyaktuk,CA,69.4541,-133.0374,26.6,86,90,11.5,light snow
22,Saquena,PE,-4.6667,-73.5167,84.54,64,99,3.51,light rain
23,Mahebourg,MU,-20.4081,57.7,70.25,94,75,4.61,broken clouds
24,Camana,PE,-16.6228,-72.7111,62.58,81,35,9.73,scattered clouds
25,Poum,NC,-20.2333,164.0167,76.32,72,80,7.45,broken clouds
26,Psikhikon,GR,41.0,23.6333,59.74,94,100,9.91,moderate rain
27,Albany,US,42.6001,-73.9662,70.27,87,84,1.88,broken clouds
28,Port Alfred,ZA,-33.5906,26.891,62.35,76,100,17.34,overcast clouds
29,Ust-Nera,RU,64.5667,143.2,9.18,93,98,4.68,overcast clouds
30,Tiksi,RU,71.6872,128.8694,10.76,90,99,11.05,overcast clouds
31,Neuenhagen,DE,52.5299,13.6891,47.77,86,4,8.43,clear sky
32,Zhigalovo,RU,54.8097,105.1578,25.56,46,100,4.05,overcast clouds
33,Mar Del Plata,AR,-38.0023,-57.5575,54.12,64,0,3.0,clear sky
34,Romitan,UZ,39.9343,64.3814,48.15,43,0,11.5,clear sky
35,Anadyr,RU,64.75,177.4833,7.3,84,20,8.01,few clouds
36,Sao Filipe,CV,14.8961,-24.4956,78.24,77,27,7.05,scattered clouds
37,Yellowknife,CA,62.456,-114.3525,46.92,66,75,9.22,broken clouds
38,Hambantota,LK,6.1241,81.1185,80.24,80,93,18.05,overcast clouds
39,Hobart,AU,-42.8794,147.3294,53.02,78,75,3.0,broken clouds
40,Vila Franca Do Campo,PT,37.7167,-25.4333,68.41,88,100,2.46,overcast clouds
41,Georgetown,MY,5.4112,100.3354,82.33,89,20,1.99,few clouds
42,Price,US,39.5994,-110.8107,53.11,31,1,4.61,clear sky
43,Clyde River,CA,70.4692,-68.5914,25.03,86,20,6.91,few clouds
44,San Carlos De Bariloche,AR,-41.1456,-71.3082,46.15,57,40,24.16,scattered clouds
45,Kismayo,SO,-0.3582,42.5454,77.81,84,74,13.98,broken clouds
46,Pangnirtung,CA,66.1451,-65.7125,28.4,74,20,3.44,few clouds
47,Pueblo,US,38.2545,-104.6091,64.0,26,1,14.97,clear sky
48,Waipawa,NZ,-41.4122,175.5153,54.3,50,3,2.64,clear sky
49,Kapaa,US,22.0752,-159.319,84.18,73,40,5.99,light rain
50,Anloga,GH,5.7947,0.8973,80.82,83,42,9.93,scattered clouds
51,Erdenet,MN,49.0333,104.0833,18.61,71,0,3.76,clear sky
52,Dudinka,RU,69.4058,86.1778,30.56,93,96,5.79,overcast clouds
53,Busselton,AU,-33.65,115.3333,61.05,76,26,6.76,scattered clouds
54,Rikitea,PF,-23.1203,-134.9692,74.95,72,48,3.62,scattered clouds
55,Axim,GH,4.8699,-2.2405,78.49,87,30,7.29,scattered clouds
56,New Norfolk,AU,-42.7826,147.0587,52.66,69,100,5.01,light rain
57,Los Llanos De Aridane,ES,28.6585,-17.9182,69.55,90,75,8.05,broken clouds
58,Tefe,BR,-3.3542,-64.7114,93.31,62,20,3.44,few clouds
59,Lokosovo,RU,61.1333,74.8167,41.02,91,99,9.75,overcast clouds
60,Namatanai,PG,-3.6667,152.4333,84.72,69,12,5.66,few clouds
61,Balkanabat,TM,39.5108,54.3671,65.7,24,8,7.56,clear sky
62,Cape Town,ZA,-33.9258,18.4232,57.11,66,40,1.01,scattered clouds
63,Mana,GF,5.6592,-53.7767,80.56,84,80,10.47,broken clouds
64,Gore,NZ,-46.1028,168.9436,56.1,49,100,5.01,overcast clouds
65,Tianpeng,CN,30.9866,103.9393,60.64,84,100,1.61,overcast clouds
66,Torbay,CA,47.6666,-52.7314,48.58,97,90,17.27,light intensity drizzle
67,Ancud,CL,-41.8697,-73.8203,52.43,87,97,8.59,light rain
68,Mitsamiouli,KM,-11.3847,43.2844,76.42,86,4,10.51,clear sky
69,Concordia,AR,-31.393,-58.0209,62.78,52,40,8.99,scattered clouds
70,Barrow,US,71.2906,-156.7887,23.02,80,90,12.66,light snow
71,Cabo San Lucas,MX,22.8909,-109.9124,88.61,65,40,8.05,scattered clouds
72,Hilo,US,19.7297,-155.09,85.28,83,90,14.97,heavy intensity rain
73,Kodiak,US,57.79,-152.4072,42.31,45,90,12.66,overcast clouds
74,Lasa,IT,46.6166,10.7002,50.88,80,99,5.01,overcast clouds
75,Horsham,GB,51.064,-0.3272,55.49,85,75,2.3,broken clouds
76,Avarua,CK,-21.2078,-159.775,78.85,65,0,6.91,clear sky
77,Ribeira Grande,PT,38.5167,-28.7,69.66,66,93,5.68,overcast clouds
78,Saint-Philippe,RE,-21.3585,55.7679,72.99,80,40,12.64,scattered clouds
79,Novopokrovka,UA,49.8425,36.5477,37.78,61,33,3.29,scattered clouds
80,San Quintin,MX,30.4833,-115.95,74.93,40,0,9.86,clear sky
81,Nome,US,64.5011,-165.4064,34.16,56,40,13.8,scattered clouds
82,East London,ZA,-33.0153,27.9116,64.33,72,100,16.33,overcast clouds
83,Thompson,CA,55.7435,-97.8558,39.36,87,75,11.5,broken clouds
84,Rio Grande,BR,-32.035,-52.0986,57.31,85,100,23.29,moderate rain
85,Castro,BR,-24.7911,-50.0119,61.47,98,100,3.83,moderate rain
86,Flinders,AU,-34.5833,150.8552,62.2,59,85,15.01,light rain
87,Barabinsk,RU,55.3571,78.357,38.26,88,0,3.49,clear sky
88,Codrington,AU,-38.2667,141.9667,52.95,79,100,15.41,overcast clouds
89,Coquimbo,CL,-29.9533,-71.3436,58.73,72,0,14.97,clear sky
90,Teya,RU,60.3778,92.6267,36.54,97,100,7.02,overcast clouds
91,Sinnamary,GF,5.3833,-52.95,80.46,82,90,11.36,overcast clouds
92,Kerema,PG,-7.9631,145.7785,81.63,72,82,3.36,broken clouds
93,Pokhara,NP,28.2333,83.9833,69.33,38,3,7.81,clear sky
94,Labuhan,ID,-6.8844,112.2051,79.57,75,76,11.14,broken clouds
95,Kirakira,SB,-10.4544,161.9205,82.92,78,98,9.98,heavy intensity rain
96,Punta Arenas,CL,-53.15,-70.9167,41.11,87,75,46.04,light intensity shower rain
97,Chkalovskoye,RU,44.8392,133.0436,37.67,61,98,9.66,overcast clouds
98,Luderitz,NA,-26.6481,15.1594,55.33,75,63,15.95,broken clouds
99,Alta Floresta,BR,-9.8756,-56.0861,82.51,58,100,1.9,overcast clouds
100,Pisco,PE,-13.7,-76.2167,68.05,68,0,12.66,clear sky
101,Daru,PG,-9.0763,143.2092,83.32,74,99,6.87,overcast clouds
102,Panguna,PG,-6.3164,155.4848,75.97,82,99,1.7,moderate rain
103,Upernavik,GL,72.7868,-56.1549,21.74,60,22,7.25,few clouds
104,Vigrestad,NO,58.5667,5.7,50.59,68,80,29.19,broken clouds
105,Kaitangata,NZ,-46.2817,169.8464,56.82,51,100,5.32,overcast clouds
106,Bukachacha,RU,52.9833,116.9167,12.6,68,0,2.66,clear sky
107,Lixourion,GR,38.2019,20.4314,63.09,88,100,21.27,overcast clouds
108,Orta Nova,IT,41.3299,15.7107,61.23,59,89,13.6,overcast clouds
109,Omsukchan,RU,62.5333,155.8,4.82,92,100,6.35,overcast clouds
110,Sterling,US,39.0062,-77.4286,77.85,79,1,1.01,clear sky
111,Kavaratti,IN,10.5669,72.642,82.09,81,100,14.32,overcast clouds
112,Okhotsk,RU,59.3833,143.3,19.2,72,98,17.13,overcast clouds
113,Carnarvon,AU,-24.8667,113.6333,68.07,77,40,11.5,scattered clouds
114,Pingzhuang,CN,42.0372,119.2889,27.59,30,0,20.29,clear sky
115,Leningradskiy,RU,69.3833,178.4167,18.25,93,100,5.7,overcast clouds
116,Lagoa,PT,39.05,-27.9833,68.45,63,28,3.06,scattered clouds
117,Hermanus,ZA,-34.4187,19.2345,53.91,67,61,18.9,light rain
118,Husavik,IS,66.0449,-17.3389,33.71,91,90,6.8,light rain
119,Port Lincoln,AU,-34.7333,135.8667,56.66,64,100,5.55,overcast clouds
120,Bereda,ES,43.2686,-7.5406,55.42,100,80,0.58,broken clouds
121,Bredasdorp,ZA,-34.5322,20.0403,53.28,71,99,13.53,light rain
122,Yar-Sale,RU,66.8333,70.8333,37.13,90,100,8.41,overcast clouds
123,Iralaya,HN,15.0,-83.2333,82.24,76,9,7.54,clear sky
124,Puerto Ayora,EC,-0.7393,-90.3518,76.96,82,95,10.47,overcast clouds
125,Picos,BR,-7.0769,-41.4669,89.29,32,84,4.21,broken clouds
126,Intipuca,SV,13.1969,-88.0544,80.33,80,18,3.94,few clouds
127,Iqaluit,CA,63.7506,-68.5145,28.13,79,1,4.0,clear sky
128,Ushtobe,KZ,45.2514,77.9838,43.77,49,0,3.09,clear sky
129,Porto Novo,BJ,6.4965,2.6036,82.22,88,66,5.44,broken clouds
130,Kungurtug,RU,50.5994,97.5228,16.07,79,6,2.62,clear sky
131,Bethel,US,41.3712,-73.414,72.43,81,18,4.83,few clouds
132,Menongue,AO,-14.6585,17.691,65.93,33,41,0.58,scattered clouds
133,Gizo,SB,-8.103,156.8419,77.9,88,100,10.71,moderate rain
134,Shelburne,CA,44.0787,-80.2041,61.23,79,88,3.98,light rain
135,Maldonado,UY,-34.6667,-54.9167,52.99,57,41,8.59,scattered clouds
136,Oranjemund,NA,-28.55,16.4333,55.51,80,62,2.84,broken clouds
137,Ayorou,NE,14.7308,0.9174,90.9,14,2,6.22,clear sky
138,Ararat,AM,39.8317,44.7049,50.34,42,10,2.98,clear sky
139,Broome,US,42.2506,-75.833,72.18,95,99,3.69,overcast clouds
140,Akyab,MM,20.15,92.9,79.03,87,100,5.12,overcast clouds
141,Laguna,US,38.421,-121.4238,84.92,22,1,1.99,clear sky
142,Urumqi,CN,43.801,87.6005,38.35,60,0,4.47,clear sky
143,Sao Jose Da Coroa Grande,BR,-8.8978,-35.1478,77.45,83,60,11.27,broken clouds
144,Victoria,HK,22.2855,114.1577,80.33,86,85,3.0,overcast clouds
145,Santarem,BR,-2.4431,-54.7083,86.13,74,0,9.22,clear sky
146,Esperance,AU,-33.8667,121.9,55.24,62,100,9.35,light rain
147,College,US,64.8569,-147.8028,30.29,77,75,4.61,broken clouds
148,Qaanaaq,GL,77.484,-69.3632,21.38,90,100,7.96,overcast clouds
149,Palmer,US,42.1584,-72.3287,71.53,76,20,4.61,few clouds
150,Kapuskasing,CA,49.4169,-82.4331,57.29,71,90,10.36,overcast clouds
151,Calama,CL,-22.4667,-68.9333,66.69,9,0,21.85,clear sky
152,Dunedin,NZ,-45.8742,170.5036,54.57,65,93,8.16,overcast clouds
153,Soyo,AO,-6.1349,12.3689,75.74,81,24,6.76,few clouds
154,Luanda,AO,-8.8368,13.2343,75.2,83,20,6.91,few clouds
155,Portland,US,45.5234,-122.6762,68.32,64,40,1.01,scattered clouds
156,Chuy,UY,-33.6971,-53.4616,53.33,60,100,16.28,overcast clouds
157,Lorengau,PG,-2.0226,147.2712,85.87,69,32,10.85,scattered clouds
158,Omama,JP,36.4333,139.2833,68.83,94,100,4.07,overcast clouds
159,Geraldton,AU,-28.7667,114.6,65.12,88,90,9.22,overcast clouds
160,Rudnogorsk,RU,57.2639,103.7519,24.58,94,100,10.0,snow
161,Ponta Do Sol,PT,32.6667,-17.1,70.72,72,15,2.35,few clouds
162,Coahuayana,MX,18.7333,-103.6833,89.08,73,39,5.48,scattered clouds
163,Kranea Elassonos,GR,39.9483,21.9658,46.31,92,100,3.71,overcast clouds
164,Constitucion,CL,-35.3333,-72.4167,51.37,75,4,16.51,clear sky
165,Batsfjord,NO,70.6345,29.7185,37.62,85,100,9.28,overcast clouds
166,Chunskiy,RU,56.0815,99.6342,27.72,50,100,4.21,overcast clouds
167,Alice Springs,AU,-23.7,133.8833,60.35,33,0,1.14,clear sky
168,Belmonte,BR,-15.8631,-38.8828,77.5,88,36,8.37,scattered clouds
169,Puerto Del Rosario,ES,28.5004,-13.8627,73.15,83,0,13.8,clear sky
170,Carballo,ES,43.213,-8.691,58.91,89,97,1.57,overcast clouds
171,Chara,RU,56.9064,118.2631,10.65,57,2,3.56,clear sky
172,Lahat,ID,-3.8,103.5333,72.19,92,98,2.66,overcast clouds
173,Bilibino,RU,68.0546,166.4372,-1.77,97,77,1.9,broken clouds
174,Constantine,DZ,36.365,6.6147,51.21,76,0,5.75,clear sky
175,Khatanga,RU,71.9667,102.5,14.81,96,100,3.67,light snow
176,Bambous Virieux,MU,-20.3428,57.7575,70.21,94,75,4.61,light rain
177,Zyuzelskiy,RU,56.4856,60.1331,48.04,53,100,8.23,overcast clouds
178,Saint Paul,US,44.9444,-93.0933,51.8,67,90,13.8,overcast clouds
179,Mayya,RU,61.7333,130.2811,15.12,93,100,5.66,overcast clouds
180,Necochea,AR,-38.5473,-58.7368,51.04,69,8,5.35,clear sky
181,Mazagao,BR,-0.115,-51.2894,87.85,70,87,5.84,overcast clouds
182,Saskylakh,RU,71.9167,114.0833,7.32,98,99,5.95,overcast clouds
183,Bima,ID,-8.4667,118.7167,80.98,80,86,4.56,overcast clouds
184,Terrace,CA,54.5163,-128.6035,44.51,87,75,0.0,broken clouds
185,Meulaboh,ID,4.1363,96.1285,77.38,83,99,3.62,overcast clouds
186,Kimbe,PG,-5.5502,150.1429,87.22,64,87,0.43,overcast clouds
187,Cabedelo,BR,-6.9811,-34.8339,79.47,77,45,15.73,scattered clouds
188,Puri,IN,19.8,85.85,81.12,83,99,7.38,overcast clouds
189,Trelleborg,SE,55.3751,13.1569,48.97,68,27,23.29,scattered clouds
190,Cochrane,CA,51.1834,-114.4687,59.43,31,1,28.77,clear sky
191,Egvekinot,RU,66.3167,-179.1667,16.99,81,89,5.53,overcast clouds
192,Katobu,ID,-4.9408,122.5276,80.22,80,90,3.0,overcast clouds
193,Pevek,RU,69.7008,170.3133,12.15,94,90,3.89,overcast clouds
194,Manadhoo,MV,5.7667,73.3833,82.17,80,86,27.38,overcast clouds
195,Jiaozuo,CN,35.2397,113.2331,55.08,46,100,8.41,light rain
196,Amazar,RU,53.858,120.875,18.43,45,74,5.28,broken clouds
197,Fort Frances,CA,48.5999,-93.4003,44.82,59,90,8.05,overcast clouds
198,Baripada,IN,21.935,86.7214,77.68,91,100,2.66,overcast clouds
199,Port Hardy,CA,50.6996,-127.4199,53.78,82,75,13.8,broken clouds
200,Bonavista,CA,48.6499,-53.1147,48.11,96,100,21.54,overcast clouds
201,Sitka,US,57.0531,-135.33,48.09,66,75,6.91,light rain
202,Kaniama,CD,-7.5667,24.1833,67.8,88,99,3.58,overcast clouds
203,Saint Anthony,US,45.0205,-93.218,51.15,69,90,3.0,overcast clouds
204,Dingle,PH,10.9995,122.6711,77.67,88,90,1.81,overcast clouds
205,Jilib,SO,0.4883,42.7854,74.79,87,100,6.33,overcast clouds
206,Saint-Georges,GD,12.0564,-61.7485,83.88,84,20,16.11,few clouds
207,Provideniya,RU,64.3833,-173.3,26.56,74,4,6.02,clear sky
208,Haguenau,FR,48.8156,7.7905,52.11,38,31,3.51,scattered clouds
209,Catamarca,AR,-28.4696,-65.7852,65.77,31,23,5.99,few clouds
210,San Cristobal,VE,7.7669,-72.225,77.18,88,53,2.8,broken clouds
211,Kamenka,RU,51.3223,42.7678,40.89,64,4,3.91,clear sky
212,Nabire,ID,-3.3667,135.4833,81.09,77,31,1.7,scattered clouds
213,Rundu,NA,-17.9333,19.7667,72.81,14,0,5.7,clear sky
214,Araouane,ML,18.9048,-3.5265,88.81,9,99,5.99,overcast clouds
215,Omboue,GA,-1.5746,9.2618,76.8,88,100,6.89,overcast clouds
216,Hovd,MN,48.0056,91.6419,28.85,64,3,1.59,clear sky
217,Kanker,IN,20.2719,81.4931,71.96,98,99,2.89,overcast clouds
218,Mahon,ES,39.8885,4.2658,64.96,72,20,4.61,few clouds
219,Ostrovnoy,RU,68.0531,39.5131,39.94,82,100,17.49,overcast clouds
220,Tura,IN,25.5198,90.2201,76.55,77,99,2.95,overcast clouds
221,Nikolskoye,RU,59.7035,30.7861,49.01,77,100,12.53,light rain
222,Kabalo,CD,-6.05,26.9167,69.78,97,100,2.53,light rain
223,Cartagena,CO,10.3997,-75.5144,87.42,70,75,9.22,broken clouds
224,Adrar,MR,20.5022,-10.0711,86.13,14,79,10.71,broken clouds
225,Nizwa,OM,22.9333,57.5333,77.68,17,0,4.25,clear sky
226,Hofn,IS,64.2539,-15.2082,39.74,87,49,10.16,scattered clouds
227,Chingirlau,KZ,51.095,54.0814,50.04,85,100,6.53,light rain
228,Nahavand,IR,34.1885,48.377,60.66,32,36,2.55,scattered clouds
229,Wanning,CN,18.8003,110.3967,76.26,95,99,20.76,light rain
230,San Patricio,US,28.017,-97.5169,88.52,63,48,11.52,scattered clouds
231,Vangaindrano,MG,-23.35,47.6,70.12,94,27,6.8,scattered clouds
232,Den Helder,NL,52.9599,4.7593,53.58,75,20,5.01,few clouds
233,Saint George,US,37.1041,-113.5841,72.07,19,1,3.0,clear sky
234,Jiuquan,CN,39.7432,98.5174,36.63,31,0,5.19,clear sky
235,Saldanha,ZA,-33.0117,17.9442,53.65,60,25,17.34,scattered clouds
236,Qaqortoq,GL,60.7167,-46.0333,32.5,48,49,6.96,scattered clouds
237,Longyearbyen,SJ,78.2186,15.6401,26.44,59,75,11.5,broken clouds
238,Santa Isabel Do Rio Negro,BR,-0.4139,-65.0192,81.91,70,90,3.06,overcast clouds
239,Chokurdakh,RU,70.6333,147.9167,1.83,99,98,1.3,overcast clouds
240,Hasaki,JP,35.7333,140.8333,66.6,69,33,9.73,scattered clouds
241,Marawi,PH,7.9986,124.2928,65.64,83,87,1.12,overcast clouds
242,Souillac,MU,-20.5167,57.5167,70.36,94,75,4.61,broken clouds
243,Inhambane,MZ,-23.865,35.3833,75.94,83,64,12.68,broken clouds
244,Lompoc,US,34.6391,-120.4579,88.79,14,1,10.36,smoke
245,Saint-Louis,SN,16.3333,-15.0,85.64,32,78,9.06,broken clouds
246,Karratha,AU,-20.7377,116.8463,73.65,64,6,15.66,clear sky
247,Jaciara,BR,-15.9653,-54.9683,87.69,40,66,6.22,light rain
248,Lakes Entrance,AU,-37.8811,147.981,56.57,87,100,23.22,light rain
249,Walvis Bay,NA,-22.9575,14.5053,57.09,67,3,6.91,clear sky
250,Ekhabi,RU,53.5102,142.9671,34.93,59,80,8.23,broken clouds
251,Mutare,ZW,-18.9707,32.6709,61.41,79,1,3.33,clear sky
252,Sioux Lookout,CA,50.1001,-91.917,44.67,81,90,9.22,overcast clouds
253,Chihuahua,MX,28.5,-106.0,76.03,22,0,7.31,clear sky
254,Ajka,HU,47.102,17.5589,43.52,63,69,2.24,broken clouds
255,Jalu,LY,29.0331,21.5482,66.36,48,0,6.87,clear sky
256,Port Blair,IN,11.6667,92.75,80.17,84,85,15.93,light rain
257,Vostok,RU,46.4856,135.8833,28.89,88,100,6.6,snow
258,Kruisfontein,ZA,-34.0033,24.7314,58.89,73,97,14.56,overcast clouds
259,Paramonga,PE,-10.6667,-77.8333,63.9,85,42,8.5,scattered clouds
260,Port Hedland,AU,-20.3167,118.5667,69.85,60,5,6.91,clear sky
261,Correggio,IT,44.7698,10.7823,50.95,52,83,2.62,broken clouds
262,Ewa Beach,US,21.3156,-158.0072,85.95,55,20,11.5,few clouds
263,Kenai,US,60.5544,-151.2583,38.03,85,90,8.05,overcast clouds
264,Chibombo,ZM,-14.6569,28.0706,71.51,37,50,4.65,scattered clouds
265,Norman Wells,CA,65.282,-126.8329,28.44,74,75,11.5,broken clouds
266,Alofi,NU,-19.0595,-169.9187,82.29,65,11,9.22,few clouds
267,Ostuncalco,GT,14.8667,-91.6167,68.94,81,40,9.22,scattered clouds
268,Arlit,NE,18.7369,7.3853,85.84,11,40,11.34,scattered clouds
269,Kharan,PK,28.5833,65.4167,64.6,11,0,2.62,clear sky
270,Tanda,IN,26.55,82.65,76.3,62,5,1.39,clear sky
271,Sawtell,AU,-30.3833,153.1,66.52,56,0,5.75,clear sky
272,Soe,ID,-9.8607,124.284,76.84,59,89,2.46,overcast clouds
273,Grand Island,US,40.925,-98.342,57.49,33,20,7.0,few clouds
274,Karatuzskoye,RU,53.6072,92.8667,28.58,63,8,2.84,clear sky
275,Dawei,MM,14.0833,98.2,74.71,94,100,5.08,overcast clouds
276,Madison,US,34.7334,-86.5667,81.54,80,40,1.01,scattered clouds
277,Bontang,ID,0.1333,117.5,78.66,88,67,2.82,broken clouds
278,Guerrero Negro,MX,27.9769,-114.0611,81.59,29,2,12.48,clear sky
279,Sechura,PE,-5.5569,-80.8222,70.65,69,94,18.84,overcast clouds
280,Wasilla,US,61.5814,-149.4394,37.06,87,90,3.44,moderate rain
281,Mount Gambier,AU,-37.8333,140.7667,51.71,71,90,12.66,overcast clouds
282,Trollhattan,SE,58.2333,12.4167,48.47,61,48,4.61,scattered clouds
283,Te Anau,NZ,-45.4167,167.7167,54.43,59,80,4.76,broken clouds
284,Ukiah,US,39.1502,-123.2078,85.96,17,1,0.0,clear sky
285,Puerto Escondido,MX,15.85,-97.0667,88.63,55,1,5.75,clear sky
286,Otradnoye,RU,59.7775,30.8181,50.04,76,100,12.93,light rain
287,San Carlos,VE,9.6612,-68.5827,82.51,72,74,1.81,broken clouds
288,Severnoye,RU,56.3491,78.3619,37.9,87,0,2.44,clear sky
289,Harper,LR,4.375,-7.7169,78.62,88,95,9.6,overcast clouds
290,Westport,US,41.1415,-73.3579,74.28,86,1,5.01,clear sky
291,Magnitka,RU,55.3475,59.6961,43.43,61,100,5.08,overcast clouds
292,Ondo,NG,7.1,4.8333,73.38,97,86,2.8,overcast clouds
293,Watsa,CD,3.0372,29.5355,63.32,98,86,2.75,light rain
294,Chapais,CA,49.7834,-74.8492,60.58,82,82,5.19,broken clouds
295,Viedma,AR,-40.8135,-62.9967,56.46,22,0,8.25,clear sky
296,Cherskiy,RU,68.75,161.3,0.72,99,94,2.42,overcast clouds
297,Christchurch,NZ,-43.5333,172.6333,60.33,67,40,1.99,scattered clouds
298,Quelimane,MZ,-17.8786,36.8883,80.55,74,20,12.66,few clouds
299,Pangkalanbuun,ID,-2.6833,111.6167,75.99,88,97,1.12,light rain
300,Isangel,VU,-19.55,169.2667,80.71,78,75,0.0,broken clouds
301,Kavieng,PG,-2.5744,150.7967,85.32,70,59,11.83,broken clouds
302,Lima,PE,-12.0432,-77.0282,62.13,77,40,14.97,scattered clouds
303,Tashara,RU,55.5195,83.5094,31.23,88,0,4.61,clear sky
304,Yumen,CN,40.2833,97.2,36.7,29,0,12.12,clear sky
305,Keti Bandar,PK,24.1447,67.4497,79.86,57,29,10.71,scattered clouds
306,Yulara,AU,-25.2406,130.9889,60.64,36,0,10.36,clear sky
307,Tiarei,PF,-17.5333,-149.3333,86.02,78,12,18.57,few clouds
308,Salalah,OM,17.0151,54.0924,77.09,53,0,3.44,clear sky
309,Luena,AO,-11.7833,19.9167,71.22,49,57,7.23,broken clouds
310,Tawau,MY,4.2498,117.8871,75.33,94,77,3.22,broken clouds
311,Bathsheba,BB,13.2167,-59.5167,83.01,78,20,5.75,few clouds
312,Kasangulu,CD,-4.5911,15.1708,81.48,67,88,4.76,overcast clouds
313,Lampazos De Naranjo,MX,27.0167,-100.5167,85.68,54,66,7.07,broken clouds
314,Sakaiminato,JP,35.55,133.2333,62.58,94,75,3.44,broken clouds
315,Kaliua,TZ,-5.0606,31.7936,71.89,52,58,2.33,broken clouds
316,Bernalillo,US,35.05,-106.6673,66.47,18,1,11.5,clear sky
317,Birao,CF,10.2849,22.7882,73.72,89,91,3.85,light rain
318,Mersing,MY,2.4312,103.8405,76.91,94,90,5.75,overcast clouds
319,Zhoucheng,CN,35.9122,116.3117,58.01,52,100,20.04,overcast clouds
320,Arraial Do Cabo,BR,-22.9661,-42.0278,80.46,74,20,19.57,few clouds
321,Sheridan,US,44.8333,-106.9173,50.02,44,1,3.0,clear sky
322,Shache,CN,38.4167,77.2406,48.33,23,0,5.41,clear sky
323,Killybegs,IE,54.6333,-8.45,49.44,74,84,4.59,broken clouds
324,Belem De Sao Francisco,BR,-8.7539,-38.9658,85.6,37,34,27.29,scattered clouds
325,Rocha,UY,-34.4833,-54.3333,50.05,52,61,11.12,broken clouds
326,Namibe,AO,-15.1961,12.1522,62.26,88,40,3.09,scattered clouds
327,Punta Alta,AR,-38.8759,-62.0736,56.98,33,0,6.4,clear sky
328,Port Elizabeth,ZA,-33.918,25.5701,61.11,72,0,20.71,clear sky
329,Tautira,PF,-17.7333,-149.15,86.02,77,36,17.11,scattered clouds
330,Arman,RU,59.7,150.1667,21.18,47,4,14.34,clear sky
331,Plouzane,FR,48.3833,-4.6167,53.65,97,90,5.75,fog
332,Oruro,BO,-17.9833,-67.15,70.29,23,20,10.36,few clouds
333,Yenotayevka,RU,47.2456,47.0281,52.36,57,63,7.61,broken clouds
334,Padang,ID,-0.9492,100.3543,75.25,81,95,3.6,overcast clouds
335,Kon Tum,VN,14.35,108.0,70.03,99,100,1.63,moderate rain
336,Huilong,CN,31.8111,121.655,65.93,82,100,27.07,light rain
337,Naze,JP,28.3667,129.4833,77.92,77,29,5.97,scattered clouds
338,Swan Hill,AU,-35.3378,143.5544,58.69,50,26,17.83,scattered clouds
339,San Roque,ES,36.2107,-5.3842,63.43,88,66,5.75,broken clouds
340,Iracoubo,GF,5.4802,-53.2011,80.78,81,69,11.01,broken clouds
341,Bonanza,NI,14.0289,-84.591,81.01,69,47,0.98,scattered clouds
342,Farah,AF,32.5,62.5,55.4,16,0,3.76,clear sky
343,Plettenberg Bay,ZA,-34.0527,23.3716,56.3,80,100,16.04,light rain
344,Klaksvik,FO,62.2266,-6.589,43.72,69,99,10.67,overcast clouds
345,Taoudenni,ML,22.6783,-3.9836,89.15,13,17,10.58,few clouds
346,Goderich,CA,43.7501,-81.7165,59.04,88,100,9.22,overcast clouds
347,Pervomaysk,UA,48.0443,30.8507,49.98,60,51,5.53,broken clouds
348,Faanui,PF,-16.4833,-151.75,80.74,71,4,17.98,clear sky
349,Gboko,NG,7.3179,8.9951,76.46,84,99,9.28,overcast clouds
350,Ceres,US,37.5949,-120.9577,85.91,22,1,3.44,clear sky
351,Narsaq,GL,60.9167,-46.05,32.22,46,37,6.22,scattered clouds
352,Sierra Vista,US,31.5545,-110.3037,76.48,17,1,8.05,clear sky
353,Tiptur,IN,13.2586,76.4783,70.02,87,100,2.98,overcast clouds
354,Anori,BR,-3.7728,-61.6442,87.39,43,57,3.53,broken clouds
355,Lyngdal,NO,58.1376,7.07,51.01,68,90,22.01,overcast clouds
356,Tasiilaq,GL,65.6145,-37.6368,39.36,68,37,5.44,scattered clouds
357,Olavarria,AR,-36.8927,-60.3225,49.46,55,22,5.73,few clouds
358,Corn Island,NI,12.1694,-83.0418,83.64,73,82,7.78,broken clouds
359,Bismarck,US,46.8083,-100.7837,55.24,36,1,16.11,clear sky
360,Matara,LK,5.9485,80.5353,79.21,86,94,11.7,overcast clouds
361,Montclair,US,40.8259,-74.209,76.62,73,1,1.99,clear sky
362,Dharchula,IN,29.85,80.5333,63.79,32,0,8.05,clear sky
363,Cidreira,BR,-30.1811,-50.2056,65.95,92,100,17.36,light rain
364,Makakilo City,US,21.3469,-158.0858,84.52,56,20,11.5,few clouds
365,Liman,UA,48.9884,37.8023,48.67,55,99,5.14,overcast clouds
366,Mogadishu,SO,2.0371,45.3438,78.01,81,7,15.84,clear sky
367,La Ronge,CA,55.1001,-105.2842,52.05,35,20,8.05,few clouds
368,Antofagasta,CL,-23.65,-70.4,58.28,78,29,6.4,scattered clouds
369,Rochegda,RU,62.8,43.25,34.36,96,44,4.05,scattered clouds
370,Cumana,VE,10.4635,-64.1775,75.29,81,66,3.47,broken clouds
371,Monrovia,LR,6.3005,-10.7969,78.57,87,80,7.63,broken clouds
372,Koslan,RU,63.4564,48.8989,36.72,99,100,3.62,overcast clouds
373,Coihaique,CL,-45.5752,-72.0662,49.95,62,75,9.22,light intensity shower rain
374,Mount Isa,AU,-20.7333,139.5,69.57,26,0,14.97,clear sky
375,Taunggyi,MM,20.7833,97.0333,59.99,96,84,2.86,broken clouds
376,Ikwiriri,TZ,-7.9562,38.9716,69.93,95,1,1.43,clear sky
377,Fairbanks,US,64.8378,-147.7164,31.6,78,90,3.44,overcast clouds
378,Dali,CN,25.7,100.1833,58.59,97,100,3.47,light rain
379,Blagodatnoye,RU,45.3997,42.5867,50.92,42,70,7.02,broken clouds
380,Wencheng,CN,33.0559,113.7978,55.09,85,100,11.32,light rain
381,Vastseliina,EE,57.7303,27.2932,45.25,84,100,12.3,overcast clouds
382,Nanortalik,GL,60.1432,-45.2371,41.29,54,76,6.08,broken clouds
383,Shimoda,JP,34.6667,138.95,69.1,85,90,6.73,overcast clouds
384,Finschhafen,PG,-6.6024,147.8681,83.75,70,67,2.48,broken clouds
385,Katangli,RU,51.7102,143.2326,30.6,88,62,6.6,broken clouds
386,Santa Isabel,BR,-23.3156,-46.2214,71.65,97,95,5.48,overcast clouds
387,Rio Gallegos,AR,-51.6226,-69.2181,57.25,23,20,31.07,light rain
388,Buala,SB,-8.145,159.5921,79.9,81,100,4.32,light rain
389,Biltine,TD,14.5333,20.9167,81.61,60,91,3.31,overcast clouds
390,Dauphin,CA,51.1494,-100.0502,53.74,47,1,14.97,clear sky
391,Talnakh,RU,69.4865,88.3972,31.06,97,100,6.33,light snow
392,Huarmey,PE,-10.0681,-78.1522,65.19,83,26,8.86,scattered clouds
393,Imst,AT,47.2684,10.6698,29.5,88,99,2.53,overcast clouds
394,Sorong,ID,-0.8833,131.25,81.64,77,100,4.32,overcast clouds
395,Maniitsoq,GL,65.4167,-52.9,37.11,67,6,8.05,clear sky
396,Solnechnyy,RU,50.7214,136.6319,25.84,82,100,4.72,light snow
397,Vila Velha,BR,-20.3297,-40.2925,76.95,88,0,10.36,clear sky
398,Praia,CV,14.9215,-23.5087,77.54,78,20,11.5,few clouds
399,Jiangkou,CN,25.4872,119.1986,76.89,83,11,8.75,few clouds
400,Tual,ID,-5.6667,132.75,82.99,77,69,11.03,broken clouds
401,Roshchino,RU,60.2519,29.6085,49.23,83,96,20.02,overcast clouds
402,Suntar,RU,62.1444,117.6319,20.55,73,68,9.89,broken clouds
403,Taltal,CL,-25.4,-70.4833,58.6,78,30,5.19,scattered clouds
404,Khash,IR,28.2211,61.2158,57.07,12,0,4.52,clear sky
405,Dedougou,BF,12.4667,-3.4667,83.79,45,70,5.5,broken clouds
406,Tomari,RU,47.7658,142.0683,41.02,65,69,6.85,broken clouds
407,Songjianghe,CN,42.1859,127.479,25.18,52,2,10.25,clear sky
408,Ozark,US,37.0209,-93.206,59.85,72,78,1.01,broken clouds
409,Ilulissat,GL,69.2167,-51.1,30.22,74,3,4.61,clear sky
410,Kaele,CM,10.1092,14.4508,77.59,67,81,4.88,broken clouds
411,Sampit,ID,-2.5333,112.95,75.67,89,98,1.23,light rain
412,Kysyl-Syr,RU,63.8986,122.7617,12.16,95,57,4.27,broken clouds
413,Nis,FR,43.7031,7.2661,60.4,80,0,8.05,clear sky
414,Marzuq,YE,14.4,46.4667,73.98,23,95,2.98,overcast clouds
415,Talcahuano,CL,-36.7167,-73.1167,55.08,62,0,18.41,clear sky
416,Grindavik,IS,63.8424,-22.4338,41.47,87,75,3.44,broken clouds
417,Kuandian,CN,40.7286,124.7847,32.47,44,7,12.59,clear sky
418,Hami,CN,42.8,93.45,50.05,24,16,7.25,few clouds
419,Rantepao,ID,-2.9701,119.8978,70.12,89,92,1.1,overcast clouds
420,Bata,GQ,1.8639,9.7658,77.58,89,25,6.2,scattered clouds
421,Lons-Le-Saunier,FR,46.75,5.75,44.19,92,88,2.91,overcast clouds
422,Sao Joao Da Barra,BR,-21.6403,-41.0511,74.84,89,32,21.41,scattered clouds
423,Brigantine,US,39.4101,-74.3646,75.49,73,1,8.05,clear sky
424,Sur,OM,22.5667,59.5289,81.03,42,0,4.41,clear sky
425,Newberg,US,45.3001,-122.9732,67.82,70,1,1.01,clear sky
426,Dongsheng,CN,39.8161,109.9776,28.81,37,9,10.2,clear sky
427,Whitehorse,CA,60.7161,-135.0538,41.77,53,75,8.99,broken clouds
428,Mikhaylovka,RU,50.06,43.2379,44.19,68,36,2.91,scattered clouds
429,Atbasar,KZ,51.8,68.3333,39.6,79,25,4.76,scattered clouds
430,Kurilsk,RU,45.2333,147.8833,46.96,54,80,12.55,broken clouds
431,Torquay,GB,50.4638,-3.5143,55.36,95,99,4.25,overcast clouds
432,Anito,PH,12.4497,125.2886,77.88,88,100,2.42,overcast clouds
433,Hamilton,US,39.1834,-84.5333,73.24,89,90,1.01,overcast clouds
434,Neka,IR,36.6508,53.299,65.71,88,75,2.3,broken clouds
435,Teahupoo,PF,-17.8333,-149.2667,80.56,77,39,17.05,scattered clouds
436,Asosa,ET,10.0667,34.5333,60.22,75,35,4.38,scattered clouds
437,Boca De Parita,PA,8.0167,-80.45,82.36,86,100,10.33,overcast clouds
438,Sorgun,TR,39.8101,35.186,54.28,53,0,2.86,clear sky
439,Derzhavinsk,KZ,51.1,66.3167,41.27,71,0,4.74,clear sky
440,Alugan,PH,12.2188,125.4808,77.67,87,98,3.4,overcast clouds
441,Iki-Burul,RU,45.8208,44.6472,46.74,43,9,8.3,clear sky
442,Grand Gaube,MU,-20.0064,57.6608,70.38,86,35,5.01,light rain
443,Snasa,NO,64.2457,12.3778,35.37,92,86,5.08,overcast clouds
444,Rawson,AR,-43.3002,-65.1023,63.86,27,54,17.02,broken clouds
445,Comodoro Rivadavia,AR,-45.8667,-67.5,62.46,27,0,35.68,clear sky
446,Srednekolymsk,RU,67.45,153.6833,12.61,93,96,4.09,overcast clouds
447,Curaca,BR,-8.9903,-39.9094,91.08,25,33,17.07,scattered clouds
448,Hargeysa,SO,9.56,44.065,70.32,40,47,7.36,scattered clouds
449,Mirnyy,RU,62.5353,113.9611,20.32,89,100,11.07,light snow
450,Tazmalt,DZ,36.3868,4.3989,63.12,42,100,2.28,overcast clouds
451,Komsomolskiy,UZ,40.4272,71.7189,51.22,57,17,4.61,few clouds
452,Shaoguan,CN,24.8,113.5833,62.82,82,100,4.25,overcast clouds
453,Tilichiki,RU,60.4667,166.1,21.52,85,100,16.44,light snow
454,Cascais,PT,38.6979,-9.4215,68.05,40,67,1.01,broken clouds
455,Seymchan,RU,62.8833,152.4333,16.29,67,84,14.74,broken clouds
456,Antalaha,MG,-14.9003,50.2788,68.38,86,1,6.91,light rain
457,Havre-Saint-Pierre,CA,50.2334,-63.5986,50.59,87,90,3.44,overcast clouds
458,Nara,JP,34.6851,135.8049,70.97,66,2,1.92,clear sky
459,Sakakah,SA,29.9697,40.2064,78.37,16,1,4.27,clear sky
460,Concepcion Del Oro,MX,24.6333,-101.4167,75.9,29,39,5.23,scattered clouds
461,Ambon,ID,-3.6954,128.1814,78.94,94,20,6.91,few clouds
462,Libreville,GA,0.3925,9.4537,80.62,89,40,12.66,light rain
463,Fallon,US,39.4735,-118.7774,65.43,22,20,3.44,few clouds
464,Aksha,RU,50.2814,113.2867,16.84,56,7,4.83,clear sky
465,Hoquiam,US,46.9809,-123.8893,63.54,44,90,14.97,overcast clouds
466,Gambela,ET,8.25,34.5833,70.63,85,50,4.18,scattered clouds
467,Aktau,KZ,43.65,51.2,48.78,34,1,12.08,clear sky
468,Port-Cartier,CA,50.0334,-66.8654,50.22,91,100,6.62,overcast clouds
469,Gouyave,GD,12.1646,-61.7296,83.17,84,20,16.11,few clouds
470,Kuusamo,FI,65.9667,29.1833,41.04,93,90,13.8,overcast clouds
471,Kieta,PG,-6.2167,155.6333,82.31,79,100,3.62,moderate rain
472,Khandbari,NP,27.3747,87.2039,68.61,63,8,4.7,clear sky
473,Tommot,RU,58.9564,126.2925,18.54,89,100,4.45,overcast clouds
474,Buta,CD,2.7858,24.73,69.55,100,100,0.89,overcast clouds
475,Strezhevoy,RU,60.7333,77.5889,37.38,93,99,7.76,overcast clouds
476,Yarkovo,RU,57.4028,67.0786,43.68,74,42,9.6,scattered clouds
477,Rapid City,US,44.0805,-103.231,53.49,35,1,13.0,clear sky
478,Chik,RU,54.9928,82.4311,31.17,100,0,4.47,clear sky
479,Diffa,NE,13.3154,12.6113,82.72,52,40,5.37,scattered clouds
480,Yazykovo,RU,55.2199,56.1353,47.41,69,97,10.27,light rain
481,Kahului,US,20.8947,-156.47,83.46,78,40,20.71,scattered clouds
482,Turukhansk,RU,65.8167,87.9833,22.46,98,68,2.42,broken clouds
483,Vanimo,PG,-2.6741,141.3028,81.23,85,48,6.71,scattered clouds
484,Tiznit,MA,29.5833,-9.5,72.81,35,0,2.55,clear sky
485,Acapulco,MX,16.8634,-99.8901,87.62,74,40,6.91,scattered clouds
486,San Benito Abad,CO,8.929,-75.0271,78.51,92,98,6.85,overcast clouds
487,Kiama,AU,-34.6833,150.8667,61.38,59,78,23.26,light rain
488,Nederland,US,29.9744,-93.9924,87.84,77,75,9.22,broken clouds
489,Champerico,GT,14.3,-91.9167,83.35,75,29,5.1,scattered clouds
490,Pasighat,IN,28.0667,95.3333,74.71,78,41,3.69,scattered clouds
491,Mirador,BR,-6.3708,-44.3631,80.37,61,44,0.69,scattered clouds
492,Kalmunai,LK,7.4167,81.8167,79.34,76,34,6.22,scattered clouds
493,Kaduqli,SD,11.0167,29.7167,76.15,72,19,3.56,few clouds
494,Katherine,AU,-14.4667,132.2667,84.52,58,43,8.05,scattered clouds
495,Praya,CV,14.9215,-23.5087,77.54,78,20,11.5,few clouds
496,Margate,GB,51.3813,1.3862,51.96,65,10,4.85,clear sky
497,Muros,ES,42.7762,-9.0603,60.24,89,93,4.09,overcast clouds
498,Baculin,PH,7.4525,126.5842,80.96,81,45,1.39,scattered clouds
499,Goya,AR,-29.14,-59.2626,60.98,46,1,9.75,clear sky
500,Stettler,CA,52.3168,-112.7186,53.35,35,90,6.91,overcast clouds
501,Mayo,US,38.8876,-76.5119,78.4,84,1,1.99,clear sky
502,Aktash,RU,50.3,87.7333,11.77,80,4,5.01,clear sky
503,Bonthe,SL,7.5264,-12.505,77.58,87,84,4.47,moderate rain
504,Richards Bay,ZA,-28.783,32.0377,76.8,60,4,9.75,clear sky
505,Melo,UY,-32.3667,-54.1833,50.23,74,86,12.84,overcast clouds
506,Kamaishi,JP,39.2667,141.8833,56.17,89,100,6.82,overcast clouds
507,Uglovskoye,RU,51.3557,80.1942,33.73,85,5,6.04,clear sky
508,Deputatskiy,RU,69.3,139.9,-2.72,100,100,1.68,overcast clouds
509,Motril,ES,36.7507,-3.5179,67.82,65,45,4.36,scattered clouds
510,Ekibastuz,KZ,51.6667,75.3667,36.48,72,11,6.4,few clouds
511,Doha,QA,25.2867,51.5333,84.18,84,0,5.75,clear sky
512,Asau,RO,46.4333,26.4,49.75,91,100,1.5,light rain
513,Russell,US,32.3502,-85.1999,87.08,73,1,0.0,clear sky
514,Gwadar,PK,25.1216,62.3254,81.79,33,0,5.86,clear sky
515,Aklavik,CA,68.2191,-135.0107,26.6,86,90,4.61,shower rain
516,Sao Lourenco Do Sul,BR,-31.3653,-51.9783,57.25,93,100,20.92,overcast clouds
517,Wagga Wagga,AU,-35.1167,147.3667,50.59,100,90,17.27,overcast clouds
518,Lucapa,AO,-8.4192,20.7447,70.02,85,93,3.11,overcast clouds
519,Gamba,GA,-2.65,10.0,76.42,87,100,8.16,overcast clouds
520,Mareeba,AU,-17.0,145.4333,85.32,75,41,3.29,scattered clouds
521,Gazalkent,UZ,41.5581,69.7708,46.76,29,4,6.8,clear sky
522,Alibag,IN,18.6411,72.8792,82.47,69,96,4.85,overcast clouds
523,Tuatapere,NZ,-46.1333,167.6833,57.36,52,97,6.26,overcast clouds
524,Niquelandia,BR,-14.4739,-48.4597,79.36,57,64,2.75,broken clouds
525,Oleksandrivka,UA,48.9634,32.2349,45.23,63,24,6.26,few clouds
526,Port Arthur,CN,38.8,121.2667,43.02,47,96,29.06,overcast clouds
527,Usakos,NA,-22.0,15.6,58.86,38,1,4.99,clear sky
528,Syracuse,IT,37.0881,15.2792,58.62,59,9,8.72,clear sky
529,Haines Junction,CA,60.7522,-137.5108,36.28,66,100,5.19,overcast clouds
530,Praia Da Vitoria,PT,38.7333,-27.0667,66.45,94,20,0.98,few clouds
531,Bluefield,US,37.2698,-81.2223,74.7,49,1,8.05,clear sky
532,Lata,PT,40.1629,-8.3327,61.92,76,83,0.96,broken clouds
533,Nouakchott,MR,18.0858,-15.9785,84.07,50,84,10.6,broken clouds
534,Peddapuram,IN,17.0833,82.1333,75.4,94,100,0.85,heavy intensity rain
535,Cizre,TR,37.3272,42.1903,76.51,32,30,3.11,scattered clouds
536,Pierre,US,44.3683,-100.351,58.05,37,20,11.99,few clouds
537,Karasjok,NO,69.4719,25.5112,32.11,91,100,9.26,light snow
538,Vagamo,NO,61.8751,9.0967,30.09,86,54,5.23,broken clouds
539,Rajpura,IN,30.4831,76.595,72.84,41,0,2.44,clear sky
540,Ponta Delgada,PT,37.7333,-25.6667,68.72,83,20,8.05,few clouds
541,Hrodna,BY,53.6884,23.8258,48.36,88,100,14.45,light rain
542,Turka,UA,49.1541,23.0297,40.95,79,7,4.61,clear sky
543,Tsumeb,NA,-19.2333,17.7167,80.15,19,2,11.48,clear sky
544,Luzhou,CN,28.8724,105.4405,56.57,90,100,4.52,light rain
545,Tete,MZ,-16.1564,33.5867,87.89,40,0,4.61,clear sky
546,Makkaveyevo,RU,51.7533,113.9454,16.52,78,19,3.56,few clouds
547,Port Macquarie,AU,-31.4333,152.9167,69.89,37,0,11.3,clear sky
548,Cheremisinovo,RU,51.8855,37.2646,33.91,77,44,7.43,scattered clouds
549,Saint-Joseph,RE,-21.3667,55.6167,71.98,77,21,13.09,few clouds
550,Pokrovsk,UA,48.282,37.1758,48.72,54,99,7.27,overcast clouds
551,Igra,RU,57.5558,53.0547,42.51,80,100,11.97,light rain
552,High Rock,BS,26.6208,-78.2833,80.62,64,100,9.4,overcast clouds
553,Olafsvik,IS,64.8945,-23.7142,43.02,80,90,10.63,overcast clouds
554,Muisne,EC,0.6,-80.0333,78.91,84,93,10.13,overcast clouds
555,Caravelas,BR,-17.7125,-39.2481,76.89,83,75,10.78,broken clouds
556,Kawalu,ID,-7.3817,108.2082,72.3,93,100,0.54,overcast clouds
557,Almaznyy,RU,48.0448,40.045,46.54,55,100,6.8,overcast clouds
558,Cairns,AU,-16.9167,145.7667,89.94,78,65,4.61,broken clouds
559,Zyryanka,RU,65.75,150.85,15.67,87,99,8.39,overcast clouds
560,Petropavlovsk-Kamchatskiy,RU,53.0452,158.6483,37.99,100,75,6.71,light rain
561,Changde,CN,29.0464,111.6783,56.52,86,100,19.06,overcast clouds
562,Abu Samrah,SY,35.3029,37.1841,68.31,48,3,5.82,clear sky
563,Doka,SD,13.5167,35.7667,75.15,67,1,4.36,clear sky
564,Samarai,PG,-10.6167,150.6667,80.42,77,99,2.57,overcast clouds
565,Vao,NC,-22.6667,167.4833,71.46,78,66,13.67,broken clouds
566,Broken Hill,AU,-31.95,141.4333,53.31,71,6,16.11,clear sky
567,Ilo,PE,-17.6394,-71.3375,60.71,83,27,7.09,scattered clouds
568,Wadi Musa,JO,30.3222,35.4793,67.64,50,38,4.99,scattered clouds
569,Tynda,RU,55.1667,124.7167,17.55,60,53,8.72,broken clouds
570,Kosh-Agach,RU,50.0,88.6667,9.66,86,5,3.38,clear sky
571,Daoukro,CI,7.0591,-3.9631,72.7,95,39,3.09,scattered clouds
572,Nautla,MX,20.2167,-96.7833,83.98,69,53,8.12,broken clouds
573,Zhuhai,CN,22.2769,113.5678,79.05,88,40,12.66,scattered clouds
574,Riyadh,SA,24.6877,46.7219,77.14,18,0,7.0,clear sky
575,San Martin Jilotepeque,GT,14.7878,-90.7925,66.18,87,60,2.95,broken clouds
576,Chirongui,YT,-12.9319,45.1483,78.73,81,10,5.08,light rain
577,Vryburg,ZA,-26.9566,24.7284,66.63,22,43,8.3,scattered clouds
578,Tottori,JP,35.5,134.2333,62.67,94,75,3.44,broken clouds
579,Bin Qirdan,TN,33.1378,11.2197,64.4,40,0,9.51,clear sky
580,La Orilla,MX,17.9833,-102.2333,84.7,74,22,5.3,few clouds
581,Welkom,ZA,-27.9864,26.7066,61.36,18,43,4.34,scattered clouds
582,Kailua,US,21.4022,-157.7394,85.98,68,20,12.66,few clouds
583,Votice,CZ,49.6401,14.6381,47.8,84,84,5.1,broken clouds
584,Morro Bay,US,35.3658,-120.8499,89.11,34,0,5.01,clear sky
585,Brae,GB,60.3964,-1.353,48.11,75,99,25.5,overcast clouds
586,Pacific Grove,US,36.6177,-121.9166,89.62,27,1,3.0,clear sky
587,Ibirama,BR,-27.0569,-49.5178,68.31,100,100,1.77,light rain
588,Itarema,BR,-2.9248,-39.9167,79.83,83,89,16.24,overcast clouds
589,Prince George,CA,53.9166,-122.753,55.26,60,40,1.01,scattered clouds
590,Lazarev,RU,52.225,141.5131,29.91,73,32,5.53,scattered clouds
591,Sibolga,ID,1.7427,98.7792,75.6,77,73,3.67,broken clouds
592,Jorpeland,NO,59.0225,6.0408,50.74,51,100,27.31,overcast clouds
593,Champasak,LA,14.75,106.0,72.68,100,100,0.65,moderate rain
594,Tuy Hoa,VN,13.0833,109.3,76.26,94,100,7.43,heavy intensity rain
595,Rawatsar,IN,29.2833,74.3833,76.41,21,0,2.46,clear sky
596,Mackay,AU,-21.15,149.2,82.69,33,3,5.75,clear sky
597,Sembe,CG,1.6481,14.5806,69.62,97,98,1.1,overcast clouds
598,Kirensk,RU,57.7853,108.1119,24.1,92,100,14.29,snow
599,Assare,BR,-6.8744,-39.875,83.5,30,43,3.13,scattered clouds
600,Fukiage,JP,36.1,139.45,72.9,77,100,6.13,overcast clouds
601,Javanrud,IR,34.7961,46.5172,63.3,39,52,3.91,broken clouds
602,Aksarka,RU,66.5606,67.7975,36.23,90,100,7.36,overcast clouds
603,Puerto Penasco,MX,31.3167,-113.5333,88.92,14,0,5.01,clear sky
604,Boa Vista,BR,2.8197,-60.6733,91.38,46,20,8.05,few clouds
605,Neuquen,AR,-38.9516,-68.0591,66.09,27,0,2.3,clear sky
606,Misratah,LY,32.3754,15.0925,68.61,53,67,17.16,broken clouds
607,Atherton,GB,53.5237,-2.4935,47.75,82,37,1.01,scattered clouds
608,Pirovskoye,RU,57.6267,92.2658,29.14,74,93,5.28,overcast clouds
609,Poyarkovo,RU,49.6,128.6833,24.44,93,100,18.88,light snow
610,Truth Or Consequences,US,33.1284,-107.2528,68.92,16,1,10.36,clear sky
611,Sri Aman,MY,1.2376,111.4621,75.25,94,100,0.0,overcast clouds
612,Kananga,CD,-5.8958,22.4178,68.56,97,98,4.09,overcast clouds
613,Kewanee,US,41.2456,-89.9248,60.48,57,100,5.64,overcast clouds
614,San Pedro De Macoris,DO,18.4616,-69.2972,84.49,80,92,3.87,overcast clouds
615,Saint-Pierre,RE,-21.3393,55.4781,73.08,81,40,20.71,scattered clouds
616,Loei,TH,17.4167,101.5,63.99,100,100,2.98,overcast clouds
617,Kendari,ID,-3.945,122.4989,79.02,90,100,0.2,overcast clouds
618,Banepa,NP,27.6298,85.5214,64.72,100,20,2.3,few clouds
619,Ulladulla,AU,-35.35,150.4667,59.9,58,90,16.35,light rain
620,Otjiwarongo,NA,-20.4637,16.6477,62.01,31,2,11.1,clear sky
621,Nizhniy Odes,RU,63.6445,54.856,41.79,91,100,8.84,overcast clouds
622,Kusu,JP,33.2831,131.1514,65.97,67,8,2.95,clear sky
623,Udachnyy,RU,66.4167,112.4,17.96,95,100,10.04,overcast clouds
624,Valdosta,US,30.8327,-83.2785,84.61,57,40,4.61,scattered clouds
625,Korla,CN,41.7597,86.1469,48.34,40,0,6.24,clear sky
626,Nuuk,GL,64.1835,-51.7216,36.21,93,2,14.97,clear sky
627,Bubaque,GW,11.2833,-15.8333,83.86,73,3,10.11,clear sky
628,Port-Gentil,GA,-0.7193,8.7815,78.76,83,40,11.5,scattered clouds
629,Chabahar,IR,25.2919,60.643,79.7,49,0,3.85,clear sky
630,Havoysund,NO,70.9963,24.6622,36.48,70,100,11.25,overcast clouds
631,Velikovechnoye,RU,44.934,39.755,50.5,64,18,3.44,few clouds
632,Parnu-Jaagupi,EE,58.6105,24.5069,43.72,71,93,11.52,overcast clouds
633,Sidney,AU,-33.8679,151.2073,66.34,49,75,7.0,broken clouds
634,Kohlu,PK,29.8962,69.252,62.02,13,0,2.1,clear sky
635,Sobolevo,RU,54.4299,31.8996,43.48,76,98,14.45,overcast clouds
636,Felipe Carrillo Puerto,MX,19.5833,-88.05,82.31,69,37,5.12,scattered clouds
637,Funadhoo,MV,6.15,73.2667,82.04,79,79,27.49,moderate rain
638,Evansville,US,37.9748,-87.5558,77.05,78,75,3.44,broken clouds
639,Boddam,GB,57.4667,-1.7833,43.18,59,90,12.12,overcast clouds
640,Shibata,JP,37.95,139.3333,63.82,100,75,13.8,broken clouds
641,Fortuna,US,40.5982,-124.1573,64.85,69,1,4.0,clear sky
642,Kushiro,JP,42.975,144.3747,45.55,81,75,0.0,broken clouds
643,Deming,US,32.2687,-107.7586,71.78,12,1,14.97,clear sky
644,Parfenyevo,RU,58.484,43.4088,37.29,91,44,8.32,scattered clouds
645,Bandarbeyla,SO,9.4942,50.8122,78.15,82,3,9.46,clear sky
646,Amethi,IN,26.15,81.8167,76.77,59,8,1.43,clear sky
647,Pacifica,US,37.6138,-122.4869,87.03,33,20,3.44,few clouds
648,Mugur-Aksy,RU,50.35,90.5,10.92,87,21,6.11,few clouds
649,Murray Bridge,AU,-35.1167,139.2667,57.43,60,98,12.41,overcast clouds
650,Hay River,CA,60.8156,-115.7999,46.38,57,75,5.75,broken clouds
651,Gladstone,AU,-23.85,151.25,79.79,33,0,4.61,clear sky
652,Inuvik,CA,68.3499,-133.7218,26.64,93,75,5.75,broken clouds
653,Yabelo,ET,4.8833,38.0833,60.87,72,59,5.19,broken clouds
654,Calamar,CO,10.2511,-74.9146,87.75,89,96,7.7,overcast clouds
655,Ucluelet,CA,48.9329,-125.5528,58.08,94,100,1.01,light rain
656,Prince Rupert,CA,54.3161,-130.3201,47.89,71,100,2.3,overcast clouds
657,Balykshi,KZ,47.0667,51.8667,41.0,42,0,8.95,clear sky
658,Zabol,AF,32.25,67.25,49.95,15,0,3.53,clear sky
659,Quatre Cocos,MU,-20.2078,57.7625,70.09,78,52,17.0,light rain
660,Kloulklubed,PW,7.0419,134.2556,79.3,72,48,3.18,scattered clouds
661,Zhanakorgan,KZ,43.9098,67.2495,48.29,39,0,5.64,clear sky
662,Wau,SS,7.7029,27.9953,72.28,85,39,2.21,scattered clouds
663,Imbituba,BR,-28.24,-48.6703,69.82,96,100,6.49,overcast clouds
664,Mwense,ZM,-10.3845,28.698,74.71,56,89,3.38,overcast clouds
665,Lavrentiya,RU,65.5833,-171.0,26.74,76,91,8.21,overcast clouds
666,Howard Springs,AU,-12.497,131.047,85.82,95,100,5.14,overcast clouds
667,Santiago,CL,-33.4569,-70.6483,69.24,28,0,8.05,clear sky
668,Libertador General San Martin,AR,-23.8064,-64.7876,62.94,57,84,1.61,broken clouds
669,Manjo,CM,4.8428,9.8217,69.93,99,98,1.32,moderate rain
670,Gat,IL,31.61,34.7642,72.39,67,66,5.1,broken clouds
671,Hualmay,PE,-11.0964,-77.6139,64.33,83,29,9.15,scattered clouds
672,Kondinskoye,RU,59.6481,67.41,43.18,77,33,13.22,scattered clouds
673,Labuan,MY,5.2767,115.2417,79.16,83,20,0.0,few clouds
674,Muzhi,RU,65.3667,64.6667,37.83,88,100,7.34,overcast clouds
675,Cuamba,MZ,-14.8031,36.5372,75.94,48,20,6.26,few clouds
